apr_time,label
900,1
900.5,1
900,1
899.5,1
899.8259524,1
899.809881,1
900.1,1
900.3,1
900.2,1
899.9,1
899.8,1
899.5,1
899.9,1
900,1
900.1,1
903.5,2
903.5,2
902.8,2
902.5,2
902.8259524,2
902.9880952,2
903.1,2
903.3,2
903.2,2
902.9,2
902.8,2
902.5,2
902.9,2
903.2,2
903.1,2
910,3
910.5,3
910,3
909.5,3
910,3
909.9,3
910.1,3
910.3,3
910.2,3
909.9,3
909.8,3
909.5,3
909.9,3
910,3
910.1,3
